Rank,Auction,Name,Team,POS,Gs,MPG,FGM,FGA,FG%,FTM,FTA,FT%,3PM,REB,AST,STL,BLK,TOV,PTS
1,$70,James Harden,HOU,SG,80,35.4,8.8,19.8,44.5%,8.3,9.7,85.4%,3.7,5.8,8.7,1.6,0.6,4.7,29.6
2,$61,Anthony Davis,NOP,PF,72,36.0,10.5,20.3,51.6%,6.8,8.2,83.0%,0.7,11.3,2.6,1.4,2.4,2.3,28.5
3,$61,Giannis Antetokounmpo,MIL,PF,78,36.0,9.9,19.0,52.2%,6.6,8.4,78.4%,0.7,9.6,5.6,1.5,1.5,3.0,27.1
4,$59,Karl-Anthony Towns,MIN,C,80,36.0,9.0,16.6,54.4%,4.5,5.3,85.1%,1.4,12.4,2.8,0.9,1.4,2.2,24.0
5,$56,Stephen Curry,GSW,PG,72,32.0,8.2,16.7,49.0%,5.1,5.6,91.8%,4.4,4.8,6.2,1.6,0.2,2.9,25.9
6,$52,Russell Westbrook,OKC,PG,80,35.2,9.6,22.2,43.3%,6.0,7.7,77.9%,1.5,10.0,10.4,1.6,0.3,4.9,26.7
7,$51,LeBron James,LAL,PF,75,36.0,10.2,19.5,52.4%,4.6,6.5,71.0%,1.7,8.6,9.2,1.3,0.7,4.2,26.7
8,$48,Nikola Jokic,DEN,C,75,32.0,7.0,13.8,51.0%,3.8,4.4,85.8%,1.5,10.9,6.2,1.2,0.9,2.6,19.3
9,$46,Kevin Durant,GSW,PF,67,34.0,8.6,16.8,51.4%,4.7,5.4,88.6%,2.6,6.7,5.2,0.8,1.6,2.8,24.6
10,$44,Kawhi Leonard,TOR,SF,70,34.0,8.6,18.0,47.9%,5.9,6.8,86.8%,2.0,6.5,3.6,1.7,0.9,2.1,25.1
11,$44,John Wall,WAS,PG,77,36.0,8.0,18.3,43.6%,4.5,5.6,80.0%,1.3,4.1,9.8,1.9,0.9,3.9,21.8
12,$43,Paul George,OKC,SF,77,35.5,7.9,17.5,45.0%,4.5,5.2,86.0%,2.7,6.5,3.8,1.8,0.4,2.9,23.0
13,$43,Damian Lillard,POR,PG,74,36.0,8.5,19.3,43.9%,6.6,7.2,90.8%,3.1,4.5,6.4,1.0,0.3,2.7,26.6
14,$42,Ben Simmons,PHI,PG,79,35.0,8.0,14.3,56.3%,2.9,5.1,57.8%,0.1,8.5,9.3,1.7,1.0,3.6,19.1
15,$35,Andre Drummond,DET,C,79,33.0,6.1,11.5,52.9%,3.2,5.3,60.0%,0.0,16.3,2.5,1.5,1.5,2.4,15.3
16,$33,Draymond Green,GSW,PF,75,32.5,4.1,9.1,45.2%,2.0,2.6,77.0%,1.2,7.9,7.2,1.5,1.3,2.7,11.3
17,$32,Khris Middleton,MIL,SF,78,35.0,6.7,14.9,45.1%,3.6,4.1,88.7%,2.1,5.0,4.0,1.4,0.3,2.3,19.3
18,$31,Victor Oladipo,IND,SG,72,33.0,7.3,15.9,46.0%,3.8,4.8,79.7%,2.0,4.9,4.0,1.8,0.7,2.6,20.5
19,$30,Devin Booker,PHO,SG,75,34.5,8.3,19.4,43.0%,5.3,6.0,88.0%,2.9,4.5,4.7,0.9,0.3,3.4,24.9
20,$30,Jimmy Butler,MIN,SG,67,36.5,7.5,16.2,46.5%,5.9,6.9,84.5%,1.3,5.5,4.7,1.8,0.5,2.0,22.3
21,$30,Kyle Lowry,TOR,PG,75,32.0,5.5,12.7,43.2%,2.7,3.2,84.6%,3.1,5.2,6.4,1.2,0.3,2.3,16.8
22,$29,Kemba Walker,CHO,PG,78,33.0,7.1,16.6,43.0%,4.3,5.0,86.1%,2.8,3.3,5.3,1.1,0.3,2.1,21.3
23,$29,Donovan Mitchell,UTA,SG,77,35.0,8.2,18.7,44.1%,3.3,4.0,80.7%,2.6,4.0,4.0,1.5,0.4,2.8,22.3
24,$29,Chris Paul,HOU,PG,63,31.5,5.8,12.7,45.5%,3.5,3.8,91.2%,2.4,5.4,7.7,1.7,0.2,2.2,17.5
25,$29,Jrue Holiday,NOP,SG,75,34.0,6.7,14.1,47.5%,2.1,2.7,77.3%,1.6,4.2,6.5,1.4,0.7,2.7,17.2
26,$28,Bradley Beal,WAS,SG,77,35.0,8.2,17.4,47.0%,3.6,4.5,80.9%,2.8,4.0,3.8,1.0,0.4,2.2,22.7
27,$28,Marc Gasol,MEM,C,75,33.0,5.8,12.9,45.0%,3.2,3.9,82.7%,1.6,7.4,4.4,0.8,1.4,2.4,16.4
28,$27,C.J. McCollum,POR,SG,80,35.5,8.0,17.7,45.4%,2.8,3.2,85.1%,2.4,3.7,3.7,1.0,0.4,2.1,21.2
29,$26,Joel Embiid,PHI,C,58,31.0,8.4,17.4,48.0%,6.7,8.5,78.2%,1.4,11.1,3.5,0.8,2.0,4.0,24.8
30,$26,Eric Bledsoe,MIL,PG,70,31.0,6.4,13.7,47.0%,3.4,4.3,79.0%,1.8,4.2,5.4,1.6,0.5,2.9,18.1
31,$25,Otto Porter,WAS,SF,76,32.0,5.9,11.8,49.7%,1.5,1.8,82.3%,2.0,6.1,2.0,1.4,0.5,0.8,15.2
32,$24,Rudy Gobert,UTA,C,70,33.0,5.0,8.2,61.6%,3.7,5.4,69.0%,-,12.1,1.4,0.7,2.3,1.9,13.8
33,$24,Kevin Love,CLE,C,70,32.0,5.7,12.9,44.0%,3.9,4.5,86.3%,2.8,10.3,2.3,0.8,0.5,1.9,17.9
34,$24,Kyrie Irving,BOS,PG,60,32.0,8.9,18.3,48.5%,4.0,4.4,91.3%,2.8,3.5,5.4,1.0,0.3,2.3,24.6
35,$24,Klay Thompson,GSW,SG,76,34.0,7.6,16.0,47.6%,1.8,2.1,84.3%,3.5,3.7,2.2,0.7,0.5,1.6,20.5
36,$24,Jamal Murray,DEN,PG,80,32.0,6.2,13.7,45.0%,2.8,3.1,89.8%,2.2,3.8,3.5,1.0,0.4,2.1,17.4
37,$23,Tobias Harris,LAC,PF,78,32.0,6.7,14.5,46.3%,2.1,2.5,84.5%,2.1,5.3,2.8,1.1,0.5,1.6,17.6
38,$23,DeMar DeRozan,SAS,SG,77,33.5,7.7,17.1,45.3%,6.0,7.2,83.7%,1.1,4.3,4.6,0.9,0.2,2.1,22.6
39,$22,Jayson Tatum,BOS,SF,77,32.0,5.5,11.3,48.4%,3.1,3.8,83.0%,1.6,5.3,1.8,1.1,0.8,1.5,15.7
40,$21,Kris Dunn,CHI,PG,72,32.0,6.1,14.1,43.0%,1.9,2.5,73.0%,0.9,4.4,6.3,1.9,0.7,2.6,14.9
41,$20,Joe Ingles,UTA,SF,80,31.0,3.8,8.3,46.0%,0.7,0.9,79.0%,2.4,4.2,4.3,1.3,0.2,1.9,10.8
42,$20,Clint Capela,HOU,C,73,28.0,6.3,9.7,64.7%,2.1,3.8,56.0%,-,10.9,1.0,0.8,1.7,1.6,14.7
43,$19,LaMarcus Aldridge,SAS,C,72,32.5,7.4,14.8,50.0%,3.6,4.4,82.1%,0.4,7.8,1.9,0.6,1.3,1.3,18.8
44,$19,John Collins,ATL,PF,77,27.5,5.3,9.2,57.9%,2.4,3.2,74.8%,0.2,8.3,1.6,0.7,1.1,1.7,13.2
45,$19,Gary Harris,DEN,SG,70,33.0,6.4,13.2,48.2%,2.1,2.5,82.4%,2.4,2.9,2.8,1.6,0.2,1.6,17.2
46,$18,Myles Turner,IND,C,70,30.0,5.2,10.4,50.0%,3.1,3.9,80.0%,0.9,6.7,1.4,0.7,1.9,1.4,14.5
47,$18,Gordon Hayward,BOS,SF,70,32.0,6.9,15.1,45.7%,4.8,5.7,83.7%,1.9,5.0,3.4,1.0,0.3,2.1,20.4
48,$18,Ricky Rubio,UTA,PG,75,30.0,4.5,10.8,41.0%,3.0,3.4,87.5%,1.3,4.5,5.7,1.5,0.1,2.4,13.2
49,$18,Jeff Teague,MIN,PG,75,32.0,4.7,10.8,43.6%,3.0,3.5,85.0%,1.1,3.1,6.4,1.3,0.3,2.4,13.6
50,$18,Taurean Waller-Prince,ATL,SF,78,31.0,5.2,12.3,42.0%,2.2,2.6,83.2%,2.2,4.9,2.6,1.2,0.6,2.3,14.8
51,$17,DeAndre Jordan,DAL,C,79,32.0,4.2,6.3,66.9%,2.3,4.0,58.0%,-,13.9,1.3,0.6,1.3,1.5,10.8
52,$17,Al Horford,BOS,C,71,32.0,5.4,11.4,47.5%,1.3,1.7,77.7%,1.3,7.1,4.7,0.7,1.1,1.8,13.4
53,$17,Mike Conley,MEM,PG,65,32.0,5.8,13.4,43.5%,4.1,4.8,84.6%,2.3,3.2,6.0,1.3,0.3,1.9,18.0
54,$17,Lou Williams,LAC,SG,78,27.0,5.5,12.6,43.5%,4.5,5.2,87.8%,2.0,2.2,3.8,0.9,0.2,2.2,17.5
55,$17,Robert Covington,PHI,SF,73,28.0,3.7,9.1,40.3%,1.6,1.9,84.1%,2.4,5.1,1.6,1.6,0.8,1.5,11.3
56,$17,Jarrett Allen,BRK,C,74,27.0,4.8,7.9,60.0%,2.6,3.2,81.0%,0.1,7.5,1.1,0.6,1.5,1.6,12.2
57,$17,Luka Doncic,DAL,0,72,31.0,4.6,11.0,42.1%,3.7,4.8,78.6%,1.8,6.6,5.6,1.0,0.4,2.1,14.8
58,$16,Nikola Vucevic,ORL,C,69,28.0,6.5,13.6,47.8%,1.4,1.8,75.7%,1.0,8.9,2.9,0.9,1.0,1.7,15.4
59,$16,Aaron Gordon,ORL,PF,73,33.0,6.5,14.8,44.0%,3.0,4.0,73.8%,1.7,7.0,2.4,1.1,0.8,1.5,17.7
60,$16,Steven Adams,OKC,C,76,33.0,6.1,10.2,60.1%,2.1,3.6,58.6%,-,8.9,1.3,1.1,1.0,1.8,14.3
61,$16,Lauri Markkanen,CHI,PF,70,32.0,6.2,14.1,44.4%,2.6,3.0,85.5%,2.8,7.9,1.4,0.6,0.6,1.2,17.9
62,$16,Dejounte Murray,SAS,PG,78,28.0,4.9,10.6,46.5%,2.0,2.7,73.3%,0.3,7.3,4.2,1.3,0.6,2.3,12.1
63,$16,Kristaps Porzingis,NYK,PF,60,31.5,7.0,15.8,44.1%,3.7,4.6,80.2%,2.0,7.0,1.4,0.7,2.2,1.9,19.6
64,$16,Hassan Whiteside,MIA,C,69,26.0,5.6,10.3,54.7%,2.4,3.6,67.7%,0.0,11.2,0.7,0.7,1.9,1.7,13.7
65,$16,Larry Nance,CLE,C,70,26.0,4.6,8.0,58.1%,1.5,2.2,70.0%,0.1,8.0,1.5,1.5,1.0,0.7,10.9
66,$15,Josh Richardson,MIA,SF,72,32.0,4.7,10.6,44.5%,1.4,1.7,82.9%,1.9,3.2,2.8,1.3,0.9,1.5,12.8
67,$15,Enes Kanter,NYK,C,72,26.0,6.0,10.3,58.0%,2.1,2.6,83.0%,0.1,10.5,1.4,0.5,0.6,1.8,14.1
68,$14,Jonas Valanciunas,TOR,C,77,24.0,5.5,9.9,56.1%,2.3,2.9,81.3%,0.2,8.8,0.9,0.4,0.9,1.4,13.6
69,$14,Buddy Hield,SAC,SG,80,26.0,5.4,12.4,43.7%,0.9,1.1,87.4%,2.4,4.0,2.1,1.1,0.2,1.4,14.1
70,$13,Jusuf Nurkic,POR,C,73,27.5,6.3,12.5,50.4%,2.7,4.2,63.6%,-,9.4,2.2,0.9,1.4,2.6,15.3
71,$13,Julius Randle,NOP,C,77,27.0,6.0,11.0,54.0%,3.7,5.1,73.4%,0.2,8.4,2.8,0.7,0.5,2.3,15.8
72,$13,Paul Millsap,DEN,PF,65,32.0,5.4,11.7,46.0%,3.3,4.4,73.3%,1.1,7.1,3.1,1.3,1.1,2.0,15.2
73,$13,Nicolas Batum,CHO,SG,75,32.0,4.8,11.7,41.3%,1.9,2.3,85.8%,1.5,5.4,4.9,1.0,0.4,2.1,13.1
74,$13,Jaren Jackson,MEM,0,72,28.0,3.8,8.4,44.8%,2.0,2.7,76.1%,0.9,6.3,1.4,0.7,2.2,1.8,10.4
75,$13,Harrison Barnes,DAL,PF,76,34.0,6.8,15.0,45.1%,3.4,4.0,84.5%,1.7,5.7,2.0,0.7,0.2,1.3,18.7
76,$13,Dario Saric,PHI,PF,78,27.0,4.9,11.0,44.5%,2.3,2.7,85.0%,1.9,6.2,2.6,0.7,0.3,2.0,14.0
77,$12,Goran Dragic,MIA,PG,74,32.0,6.0,13.2,45.8%,2.6,3.3,78.5%,1.8,3.7,4.7,0.9,0.2,2.3,16.5
78,$12,Lonzo Ball,LAL,PG,70,30.0,3.9,9.9,39.0%,0.7,1.4,50.0%,1.7,6.3,6.4,1.4,0.8,2.0,10.2
79,$12,Nikola Mirotic,NOP,PF,68,28.0,4.6,10.9,42.4%,2.0,2.5,81.0%,2.8,7.6,1.5,0.8,0.8,1.2,14.0
80,$12,Rondae Hollis-Jefferson,BRK,SF,71,30.0,5.6,11.9,47.0%,3.6,4.7,77.4%,0.2,7.3,2.9,1.2,0.7,1.8,15.0
81,$11,Dwight Howard,WAS,C,77,30.0,5.5,9.4,58.0%,3.3,6.0,55.4%,-,12.0,1.3,0.7,1.6,2.3,14.2
82,$11,Andrew Wiggins,MIN,SF,80,36.5,7.7,17.3,44.7%,3.6,5.1,70.5%,1.4,4.1,2.2,1.1,0.6,2.1,20.4
83,$10,D'Angelo Russell,BRK,PG,65,30.0,6.9,16.7,41.3%,2.4,3.2,76.0%,2.2,4.2,5.9,1.2,0.4,3.4,18.4
84,$10,Blake Griffin,DET,PF,60,34.0,7.5,17.1,44.0%,3.7,4.8,77.2%,1.9,7.2,6.2,0.7,0.4,2.8,20.7
85,$10,Jonathan Isaac,ORL,PF,69,27.0,3.3,8.0,41.6%,1.3,1.6,78.8%,0.9,5.3,1.0,1.5,1.6,1.4,8.9
86,$9,Kyle Anderson,MEM,SF,73,27.0,3.0,6.0,50.0%,1.4,1.9,73.1%,0.4,5.4,2.8,1.5,0.8,1.2,7.8
87,$9,James Johnson,MIA,PF,72,27.0,4.1,8.2,50.0%,1.5,2.2,68.6%,1.0,5.2,3.6,0.9,1.0,2.0,10.6
88,$9,Jabari Parker,CHI,PF,62,32.0,6.8,14.0,48.6%,2.7,3.6,76.8%,1.3,6.1,2.7,1.1,0.5,1.8,17.6
89,$9,Serge Ibaka,TOR,PF,75,27.5,4.8,10.3,46.8%,1.1,1.4,81.7%,1.4,6.0,0.9,0.4,1.3,1.2,12.2
90,$9,J.J. Redick,PHI,SG,73,30.0,5.3,11.7,45.3%,2.4,2.6,89.6%,2.7,2.4,2.8,0.6,0.1,1.3,15.7
91,$9,Will Barton,DEN,SG,70,30.0,5.0,11.8,42.9%,2.1,2.7,79.1%,1.8,4.9,3.8,0.9,0.6,1.8,14.0
92,$9,DeAndre Ayton,PHO,0,72,30.0,5.1,10.1,50.7%,2.1,2.9,72.0%,0.2,8.7,1.5,0.7,1.1,1.6,12.5
93,$8,Allen Crabbe,BRK,SG,75,30.0,4.6,10.9,42.5%,1.6,1.8,85.6%,2.8,4.1,1.5,0.8,0.4,1.1,13.7
94,$8,Isaiah Thomas,DEN,PG,73,24.0,5.6,13.0,42.8%,3.8,4.3,89.1%,2.0,1.9,4.0,0.7,0.1,1.9,16.9
95,$8,Taj Gibson,MIN,PF,79,32.0,4.6,8.4,54.4%,1.6,2.2,73.6%,0.1,7.1,1.3,0.6,0.8,1.1,10.8
96,$8,Brandon Ingram,LAL,SF,74,33.5,6.5,13.6,47.5%,3.3,4.9,68.0%,0.9,5.1,4.2,0.8,0.6,2.2,17.1
97,$7,Kentavious Caldwell-Pope,LAL,SG,75,30.0,4.6,11.0,41.5%,2.1,2.6,81.9%,2.0,3.9,2.2,1.2,0.2,1.2,13.3
98,$7,Thaddeus Young,IND,PF,75,29.0,4.3,8.9,48.6%,0.6,1.0,57.2%,0.7,6.0,1.6,1.5,0.4,1.2,10.0
99,$7,Kyle Kuzma,LAL,PF,77,28.0,5.4,12.0,45.1%,1.8,2.5,73.0%,2.0,5.6,1.7,0.6,0.4,1.6,14.7
100,$7,Kent Bazemore,ATL,SG,67,28.0,4.5,10.8,41.2%,1.9,2.4,77.5%,1.7,3.9,3.4,1.3,0.7,2.0,12.5
101,$7,Evan Fournier,ORL,SF,65,32.0,6.1,13.6,45.0%,2.8,3.3,85.4%,2.2,2.9,2.8,1.0,0.1,1.6,17.2
102,$6,Mohamed Bamba,ORL,0,72,26.0,3.7,8.0,46.4%,1.5,2.2,68.7%,0.3,7.7,0.6,0.7,1.9,1.3,9.3
103,$6,Pau Gasol,SAS,C,72,26.0,4.0,8.8,45.2%,1.9,2.6,73.4%,0.7,8.3,3.1,0.5,1.2,1.4,10.5
104,$6,Zach LaVine,CHI,SG,62,32.0,6.1,13.8,44.0%,3.7,4.6,80.7%,2.1,4.2,3.3,1.0,0.2,2.0,18.0
105,$6,Elfrid Payton,NOP,PG,70,30.0,5.0,11.3,44.5%,1.9,2.8,68.1%,0.6,5.0,6.5,1.1,0.4,2.8,12.5
106,$6,Kelly Olynyk,MIA,PF,72,24.0,4.1,8.4,48.5%,1.5,1.9,78.4%,1.4,5.5,2.4,0.8,0.5,1.9,11.0
107,$6,Dennis Schroder,OKC,PG,72,25.0,5.9,13.4,43.9%,2.7,3.2,84.7%,1.2,2.4,5.2,0.8,0.1,2.4,15.7
108,$6,Domantas Sabonis,IND,C,75,25.0,4.9,9.7,51.0%,2.4,3.2,75.0%,0.2,8.0,2.0,0.6,0.5,1.9,12.5
109,$6,Malcolm Brogdon,MIL,PG,72,27.0,4.2,8.7,48.0%,1.4,1.6,87.6%,1.3,2.9,3.5,1.0,0.2,1.4,11.1
110,$6,Tim Hardaway,NYK,PG,66,32.0,5.8,13.3,43.4%,2.3,2.8,82.0%,2.5,3.4,2.5,1.0,0.2,1.4,16.4
111,$5,Dirk Nowitzki,DAL,C,72,26.5,4.4,9.8,45.0%,1.3,1.4,89.3%,1.6,5.9,1.4,0.6,0.7,0.7,11.7
112,$5,Dennis Smith,DAL,PG,71,31.0,6.4,15.9,40.0%,2.2,3.1,70.8%,1.8,3.9,5.6,1.1,0.2,2.9,16.7
113,$5,Willie Cauley-Stein,SAC,C,74,26.0,5.1,9.7,51.9%,1.9,3.0,64.8%,0.0,6.4,2.3,1.0,0.8,1.3,12.1
114,$5,Dewayne Dedmon,ATL,C,65,24.0,3.6,6.4,57.0%,1.1,1.5,76.2%,0.8,8.0,1.2,0.7,1.0,1.2,9.2
115,$5,Marvin Williams,CHO,PF,78,26.0,3.3,7.4,44.5%,1.4,1.6,86.3%,1.7,5.1,1.3,0.6,0.6,0.8,9.7
116,$5,Al-Farouq Aminu,POR,PF,74,28.0,3.0,7.6,39.2%,1.1,1.5,73.6%,1.8,6.7,1.4,1.1,0.6,1.2,8.9
117,$5,Wendell Carter Jr.,CHI,0,72,26.0,3.8,8.0,47.6%,1.8,2.5,72.3%,0.4,7.2,1.9,0.7,1.2,1.6,9.8
118,$5,Jordan Bell,GSW,C,70,20.0,2.8,4.7,60.7%,0.8,1.1,71.2%,-,5.3,2.6,0.8,1.3,1.3,6.5
119,$4,Derrick Favors,UTA,C,70,28.0,5.0,9.5,53.0%,1.9,2.9,64.9%,0.2,7.1,1.4,0.9,1.0,1.3,12.1
120,$4,E'Twaun Moore,NOP,SG,75,31.0,4.6,9.4,48.4%,0.6,0.9,72.1%,1.7,2.9,2.4,0.9,0.3,1.1,11.4
121,$4,Fred VanVleet,TOR,PG,75,23.0,3.5,8.5,41.5%,1.3,1.6,82.9%,1.7,2.9,3.9,1.0,0.3,1.1,10.1
122,$4,Mario Hezonja,NYK,SF,76,25.0,4.3,9.9,42.8%,1.3,1.5,83.0%,1.3,4.0,1.7,1.1,0.4,1.5,11.0
123,$4,Trae Young,ATL,0,72,27.5,4.2,10.6,39.3%,2.5,3.1,80.2%,1.6,2.7,5.6,0.9,0.2,2.7,12.4
124,$4,De'Aaron Fox,SAC,PG,76,30.0,5.3,12.6,42.2%,2.4,3.2,75.5%,0.8,3.1,4.9,1.0,0.3,2.4,13.9
125,$3,Patty Mills,SAS,PG,79,26.0,3.8,9.0,42.0%,1.2,1.4,85.5%,2.1,2.1,3.3,0.8,0.1,1.3,10.9
126,$3,Eric Gordon,HOU,SG,68,31.0,5.3,12.9,41.1%,2.3,2.7,82.3%,3.2,2.4,2.2,0.6,0.4,1.6,16.0
127,$3,Markieff Morris,WAS,PF,72,26.0,4.1,8.8,46.0%,1.5,1.8,81.9%,1.0,5.4,1.7,0.9,0.6,1.6,10.6
128,$3,Rajon Rondo,LAL,PG,66,26.0,3.4,7.8,44.1%,0.5,0.8,57.4%,0.8,4.4,7.5,1.2,0.1,2.4,8.1
129,$2,Jaylen Brown,BOS,SG,75,29.0,5.1,10.8,46.9%,2.1,3.2,67.0%,1.5,4.7,1.6,0.9,0.4,1.7,13.8
130,$2,Caris LeVert,BRK,SF,70,27.0,4.3,10.0,43.2%,1.8,2.5,70.5%,1.4,4.1,3.8,1.1,0.3,2.0,11.8
131,$2,Marcus Smart,BOS,SG,70,27.0,3.4,9.0,37.5%,2.0,2.6,77.8%,1.4,3.4,3.8,1.3,0.4,1.8,10.1
132,$1,Trevor Ariza,PHO,SF,74,27.0,3.0,7.4,40.5%,1.0,1.2,81.9%,1.9,4.0,1.7,1.2,0.2,0.8,8.9
133,$1,Pascal Siakam,TOR,PF,78,23.0,3.4,6.6,51.0%,0.9,1.3,67.7%,0.4,4.9,1.9,0.8,0.7,0.9,8.0
134,$1,Bobby Portis,CHI,PF,72,22.0,4.9,10.5,47.2%,1.4,1.9,74.8%,1.0,6.7,1.5,0.7,0.4,1.2,12.3
135,$1,Jeremy Lin,ATL,PG,60,24.0,4.5,10.6,42.4%,2.9,3.6,81.6%,1.4,3.4,4.9,1.0,0.4,2.2,13.4
136,$1,Tyler Johnson,MIA,PG,72,26.0,4.1,9.5,43.5%,1.7,2.1,81.2%,1.5,3.3,2.3,0.8,0.5,1.1,11.4
137,$1,Bogdan Bogdanovic,SAC,SG,72,26.0,4.1,9.2,44.5%,1.2,1.5,84.6%,1.6,2.7,3.0,0.8,0.2,1.4,11.1
138,$1,Bojan Bogdanovic,IND,SF,78,27.0,4.3,9.4,45.9%,1.8,2.1,86.3%,1.9,3.2,1.3,0.5,0.1,1.2,12.3
139,$1,JaVale McGee,LAL,C,68,18.0,4.2,6.8,61.5%,1.0,1.6,61.4%,-,5.3,0.7,0.5,1.4,0.9,9.4
140,$1,Jae Crowder,UTA,SF,73,27.0,4.1,9.6,42.2%,1.7,2.1,81.0%,1.7,3.9,1.4,0.9,0.3,1.1,11.6
141,$1,Rudy Gay,SAS,PF,60,26.0,4.8,10.3,46.2%,2.4,3.0,78.9%,0.9,5.6,1.7,1.0,0.7,1.5,12.8
142,$1,Gorgui Dieng,MIN,C,78,21.0,2.6,5.4,49.1%,1.3,1.6,81.5%,0.2,5.3,1.3,0.8,0.7,0.9,6.8
143,$1,Darren Collison,IND,PG,70,23.0,3.5,7.3,48.3%,1.5,1.8,87.2%,1.0,1.9,3.9,0.9,0.1,1.1,9.6
144,$1,Josh Jackson,PHO,SF,77,27.0,5.4,12.4,43.1%,2.6,3.9,66.2%,1.0,4.4,1.8,1.1,0.5,1.9,14.3
145,$1,Avery Bradley,LAC,SG,70,27.0,5.0,11.5,43.6%,1.0,1.3,76.5%,1.7,3.3,2.0,1.0,0.2,1.5,12.7
146,$1,Mason Plumlee,DEN,C,78,22.0,3.3,5.9,56.3%,1.6,3.0,55.0%,-,6.3,2.6,0.7,1.0,1.5,8.2
147,$1,Mikal Bridges,PHO,0,72,25.0,3.6,8.1,44.7%,1.5,1.9,79.4%,1.2,3.7,1.5,0.9,0.6,1.1,9.9
148,$1,OG Anunoby,TOR,SF,78,26.0,3.3,6.8,48.0%,1.0,1.6,65.2%,1.5,3.3,1.0,1.0,0.3,0.8,9.1
149,$1,Bam Adebayo,MIA,C,72,24.0,3.4,6.5,53.2%,2.5,3.4,74.3%,-,6.8,1.9,0.6,0.7,1.3,9.4
150,$1,P.J. Tucker,HOU,PF,79,27.0,1.9,5.0,38.8%,0.8,1.0,75.6%,1.4,5.4,1.2,1.0,0.3,0.9,6.1
151,$1,Danny Green,TOR,SG,71,25.0,2.7,7.0,38.0%,0.6,0.7,78.6%,1.7,3.5,1.8,0.9,0.9,1.0,7.6
152,$1,Ersan Ilyasova,MIL,PF,68,26.0,3.9,9.0,42.9%,1.6,2.1,76.8%,1.7,6.0,1.5,0.8,0.4,1.1,11.0
153,$1,Trey Lyles,DEN,PF,74,22.0,4.3,9.2,47.0%,1.5,2.1,72.3%,1.2,5.2,1.4,0.6,0.5,1.1,11.4
154,$1,Alex Len,ATL,C,72,22.0,3.4,6.6,51.9%,2.2,3.1,71.0%,0.0,7.8,1.1,0.5,1.0,1.4,9.0
155,$1,Kelly Oubre,WAS,SF,78,24.0,3.5,8.4,41.7%,2.1,2.7,80.5%,1.3,3.9,1.0,0.9,0.4,1.0,10.4
156,$1,Ish Smith,DET,PG,81,22.0,4.0,8.6,46.5%,0.9,1.3,70.9%,0.5,2.6,4.2,0.7,0.3,1.3,9.3
157,$0,Brook Lopez,MIL,C,72,21.0,4.2,9.1,45.9%,1.4,1.9,73.9%,1.4,3.4,1.5,0.4,1.1,1.3,11.1
158,$0,Jordan Clarkson,CLE,SG,79,22.0,4.6,10.2,44.9%,1.5,1.8,81.7%,1.3,2.4,2.2,0.7,0.1,1.3,11.9
159,$0,Montrezl Harrell,LAC,C,70,20.0,5.1,8.0,63.1%,1.8,2.8,63.7%,-,4.2,1.2,0.5,0.8,1.0,11.9
160,$0,Marcin Gortat,LAC,C,79,23.0,3.3,6.2,53.2%,1.1,1.6,65.7%,-,7.2,1.5,0.4,0.7,1.1,7.7
161,$0,Seth Curry,POR,PG,70,22.0,3.5,7.5,46.9%,1.1,1.3,85.6%,1.8,2.0,2.3,0.9,0.1,1.1,9.9
162,$0,Terry Rozier,BOS,PG,77,23.0,3.2,8.4,38.1%,1.3,1.6,78.6%,1.6,4.2,2.7,0.8,0.2,0.9,9.3
163,$0,Michael Kidd-Gilchrist,CHO,SF,75,25.0,3.8,7.7,49.6%,1.8,2.4,74.7%,0.0,5.2,1.2,0.8,0.7,0.7,9.5
164,$0,Kyle O'Quinn,IND,C,76,15.0,2.4,4.3,55.6%,0.9,1.1,78.0%,0.0,5.1,1.6,0.4,1.1,1.0,5.7
165,$0,Wesley Matthews,DAL,SF,70,29.0,3.5,8.7,39.9%,1.2,1.5,83.0%,2.0,2.9,2.3,0.9,0.2,1.1,10.2
166,$0,Stanley Johnson,DET,SF,73,27.0,3.3,8.6,38.5%,1.5,1.9,77.3%,1.1,4.3,2.0,1.2,0.3,1.4,9.3
167,$0,Reggie Jackson,DET,PG,60,27.0,5.7,13.4,42.4%,2.7,3.1,85.3%,1.3,2.7,5.5,0.7,0.1,2.3,15.4
168,$0,Jerian Grant,ORL,PG,72,24.0,2.9,7.0,42.0%,1.9,2.4,80.4%,0.9,2.5,4.2,1.0,0.1,1.3,8.7
169,$0,Marvin Bagley III,SAC,0,72,27.0,4.4,8.7,50.8%,1.8,2.7,65.2%,0.4,7.0,1.2,0.6,0.5,1.5,10.9
170,$0,DeMarre Carroll,BRK,SF,72,25.0,3.3,8.0,40.6%,1.9,2.6,73.8%,1.7,5.2,1.6,0.8,0.4,1.0,10.1
171,$0,Jakob Poeltl,SAS,C,78,19.0,3.0,4.9,62.2%,0.8,1.3,62.8%,-,4.9,0.6,0.5,1.0,1.1,6.9
172,$0,Terrence Ross,ORL,SG,72,23.0,3.5,8.2,43.3%,0.7,0.9,78.9%,1.6,2.7,1.2,1.0,0.4,0.8,9.5
173,$0,Jonathon Simmons,ORL,SG,71,27.5,4.6,10.3,44.8%,2.0,2.6,76.8%,1.1,3.4,2.2,0.8,0.3,1.7,12.3
174,$0,Markelle Fultz,PHI,SG,70,24.0,4.5,10.8,41.9%,1.3,2.3,55.0%,0.9,4.1,4.9,1.1,0.4,1.5,11.2
175,$0,Courtney Lee,NYK,SG,77,25.0,3.4,7.6,44.5%,1.1,1.2,89.6%,1.0,2.5,1.8,0.9,0.2,0.8,8.6
176,$0,George Hill,CLE,PG,62,27.0,3.9,8.4,46.1%,1.6,2.1,78.2%,1.4,3.1,3.1,0.9,0.3,1.3,10.8
177,$0,Carmelo Anthony,HOU,PF,70,26.0,5.3,12.9,40.8%,1.6,2.0,79.2%,1.7,4.8,1.2,0.6,0.5,1.1,13.9
178,$0,Tyreke Evans,IND,PG,52,26.0,5.3,12.1,43.5%,2.5,3.2,77.1%,1.8,4.4,4.3,1.0,0.3,2.0,14.8
179,$0,Cody Zeller,CHO,C,62,25.0,3.6,6.5,55.2%,2.2,3.0,71.3%,0.0,6.4,1.4,0.8,0.9,1.1,9.4
180,$0,Rodney Hood,CLE,SG,68,25.0,4.6,11.1,41.8%,1.7,2.0,84.3%,2.0,2.8,1.7,0.8,0.2,1.1,13.0
181,$0,D.J. Augustin,ORL,PG,73,24.0,3.1,7.5,41.9%,2.3,2.7,84.0%,1.5,2.0,3.7,0.6,0.0,1.7,10.1
182,$0,Dante Exum,UTA,PG,70,21.0,3.7,7.7,47.5%,2.2,2.7,82.0%,0.5,2.4,3.8,0.7,0.2,1.7,10.0
183,$0,T.J. Warren,PHO,SF,66,25.0,5.9,12.2,48.5%,2.3,3.0,76.6%,0.3,3.9,1.0,0.8,0.4,0.9,14.5
184,$0,T.J. McConnell,PHI,PG,77,18.0,2.3,4.9,47.2%,0.4,0.6,77.5%,0.3,2.3,4.1,1.1,0.1,1.3,5.4
185,$0,Wilson Chandler,PHI,SF,72,26.0,3.6,8.2,44.0%,1.1,1.5,75.8%,1.3,4.8,1.8,0.6,0.4,1.1,9.6
186,$0,Maurice Harkless,POR,SF,73,22.0,2.9,5.8,50.2%,0.9,1.4,67.7%,0.9,3.2,1.0,0.8,0.8,0.7,7.6
187,$0,Patrick Beverley,LAC,SG,67,22.0,2.6,6.1,41.9%,0.7,0.9,80.0%,1.5,3.2,2.7,1.0,0.3,1.1,7.3
188,$0,Josh Hart,LAL,SG,70,24.0,3.1,6.5,47.3%,1.3,1.8,73.4%,1.4,4.3,1.5,0.8,0.3,0.8,8.9
189,$0,Solomon Hill,NOP,SF,72,24.0,2.3,5.4,43.0%,1.6,1.8,87.2%,1.3,3.3,1.5,0.7,0.4,0.8,7.5
190,$0,Marco Belinelli,SAS,SG,77,23.0,3.5,8.2,42.8%,1.8,2.0,88.9%,1.5,1.8,1.8,0.6,0.1,1.0,10.3
191,$0,JaMychal Green,MEM,PF,64,26.0,3.4,7.1,47.6%,1.3,1.8,76.3%,0.7,7.5,1.3,0.6,0.5,1.2,8.8
192,$0,Luke Kennard,DET,SG,73,22.0,3.2,7.2,45.0%,1.1,1.2,85.7%,1.4,2.7,2.0,0.7,0.2,1.1,8.9
193,$0,Cory Joseph,IND,PG,78,23.0,2.9,6.5,43.7%,1.0,1.4,75.1%,0.8,2.8,3.0,0.8,0.2,1.1,7.5
194,$0,Davis Bertans,SAS,PF,74,19.0,2.7,6.1,45.1%,0.8,1.0,84.0%,1.7,2.5,1.3,0.5,0.6,0.7,8.0
195,$0,Robin Lopez,CHI,C,74,22.0,3.8,7.3,52.0%,0.8,1.1,72.7%,0.0,4.9,1.2,0.2,1.1,1.1,8.4
196,$0,Danilo Gallinari,LAC,SF,58,27.0,3.9,9.2,42.5%,3.7,4.2,89.3%,1.6,4.1,1.7,0.5,0.3,0.9,13.1
197,$0,Kevon Looney,GSW,C,70,20.0,2.8,4.9,56.2%,1.1,1.8,59.5%,0.1,4.8,1.0,0.7,1.2,0.8,6.7
198,$0,Dillon Brooks,MEM,SF,78,24.0,3.6,8.3,43.5%,1.5,2.0,75.9%,1.2,2.7,1.5,0.8,0.2,1.4,9.9
199,$0,Nerlens Noel,OKC,C,62,18.0,2.9,5.5,54.1%,1.2,1.7,70.2%,-,5.5,0.9,1.0,0.8,1.1,7.1
200,$0,Frank Ntilikina,NYK,PG,72,25.0,3.0,7.7,38.5%,0.9,1.1,77.9%,0.9,2.5,3.7,1.0,0.2,1.6,7.8
201,$0,Jeremy Lamb,CHO,SG,74,18.0,3.5,7.6,45.5%,1.5,1.8,84.0%,1.0,3.2,1.5,0.6,0.3,0.7,9.4
202,$0,Tristan Thompson,CLE,C,75,26.0,2.9,5.0,57.7%,1.2,2.2,56.1%,-,8.2,0.8,0.5,0.7,0.9,7.0
203,$0,Denzel Valentine,CHI,SG,75,22.0,3.0,7.5,39.6%,0.4,0.6,77.3%,1.7,3.9,2.5,0.6,0.1,1.1,8.1
204,$0,DeMarcus Cousins,GSW,C,35,26.0,6.2,13.5,46.2%,4.0,5.4,74.6%,1.9,8.7,3.8,1.1,1.0,3.6,18.3
205,$0,Evan Turner,POR,SF,76,24.0,3.1,7.1,43.8%,1.1,1.3,83.4%,0.5,3.2,2.5,0.7,0.4,1.3,7.7
206,$0,John Henson,MIL,C,68,20.0,2.9,5.2,54.8%,1.0,1.7,61.4%,-,5.4,1.2,0.5,1.3,0.9,6.7
207,$0,Nemanja Bjelica,SAC,PF,70,22.5,2.7,6.1,43.9%,0.7,0.9,77.3%,1.3,4.6,1.5,0.7,0.3,0.9,7.2
208,$0,James Ennis,HOU,SF,71,23.5,3.1,6.6,46.3%,1.5,1.8,80.2%,1.0,3.1,1.2,0.8,0.3,0.9,8.6
209,$0,Mike Muscala,PHI,C,65,21.0,2.7,5.9,45.9%,0.9,1.0,85.4%,1.3,4.3,1.4,0.5,0.6,0.9,7.6
210,$0,Justin Holiday,CHI,SG,74,22.0,2.6,6.8,38.4%,1.0,1.2,81.3%,1.6,2.9,1.5,0.8,0.4,0.8,7.8
211,$0,Jerami Grant,OKC,PF,78,22.0,3.0,6.1,48.9%,2.0,3.0,64.4%,0.5,4.0,0.9,0.5,1.0,0.9,8.4
212,$0,Zach Collins,POR,C,75,23.0,2.9,7.0,42.0%,0.9,1.4,66.7%,0.9,5.2,1.3,0.4,0.7,1.3,7.7
213,$0,Frank Kaminsky,CHO,PF,75,22.0,3.5,8.5,40.7%,1.5,1.9,78.2%,1.4,3.7,1.7,0.5,0.3,0.8,9.8
214,$0,Andre Iguodala,GSW,SF,65,24.0,2.2,4.7,47.6%,0.9,1.3,66.7%,0.6,3.5,3.1,0.9,0.5,1.0,5.9
215,$0,J.R. Smith,CLE,SG,75,26.0,2.6,6.8,38.3%,0.4,0.6,69.9%,1.8,2.8,1.6,0.8,0.2,0.8,7.4
216,$0,Marquese Chriss,HOU,PF,75,18.0,2.8,6.1,45.8%,1.2,1.9,63.6%,0.8,4.3,0.9,0.6,0.8,1.1,7.6
217,$0,Kyle Korver,CLE,SG,71,22.0,2.6,5.7,44.7%,0.6,0.7,86.4%,1.9,2.4,1.3,0.4,0.3,0.9,7.7
218,$0,Glenn Robinson,DET,SF,70,23.0,2.8,5.8,47.9%,0.9,1.2,73.2%,1.0,3.5,1.0,0.8,0.3,0.6,7.5
219,$0,Reggie Bullock,DET,SF,65,25.0,3.5,7.6,46.3%,0.5,0.6,79.3%,1.8,2.5,1.6,0.7,0.2,0.7,9.3
220,$0,Shai Gilgeous-Alexander,LAC,0,72,22.0,3.0,7.0,43.1%,1.5,1.9,77.7%,0.3,2.5,3.1,0.9,0.3,1.4,7.8
221,$0,Royce O'Neale,UTA,SF,74,20.0,2.2,5.2,42.3%,1.2,1.5,82.1%,0.9,3.8,1.7,0.6,0.3,0.9,6.5
222,$0,Andre Roberson,OKC,SG,70,27.0,2.5,5.0,50.0%,0.5,1.2,42.5%,0.3,4.2,1.0,1.0,0.8,0.7,5.8
223,$0,Marcus Morris,BOS,PF,74,22.4,3.4,8.2,42.1%,1.4,1.8,78.4%,1.4,3.8,1.4,0.5,0.2,0.9,9.6
224,$0,Justise Winslow,MIA,PF,64,26.0,3.3,7.5,43.3%,1.3,1.9,65.8%,0.7,5.6,2.2,0.8,0.5,1.3,8.5
225,$0,Joe Harris,BRK,SG,74,20.0,3.0,6.3,47.3%,0.8,0.9,80.0%,1.6,2.6,1.3,0.4,0.2,1.0,8.3
226,$0,Tony Snell,MIL,SG,72,26.0,2.3,5.3,43.4%,0.5,0.6,83.5%,1.6,2.4,1.2,0.6,0.2,0.6,6.7
227,$0,Ryan Anderson,PHO,PF,70,23.0,3.0,7.1,42.4%,1.3,1.5,82.7%,1.9,3.9,0.7,0.3,0.2,0.6,9.3
228,$0,Wayne Ellington,MIA,SG,70,23.0,2.8,7.2,39.5%,0.6,0.7,85.4%,2.4,2.2,1.0,0.6,0.1,0.5,8.8
229,$0,Spencer Dinwiddie,BRK,PG,70,18.0,2.4,5.9,40.6%,1.8,2.3,80.8%,1.0,2.1,3.7,0.5,0.2,1.0,7.7
230,$0,Thon Maker,MIL,C,75,18.0,2.4,5.5,43.6%,1.3,1.9,71.1%,0.7,3.6,0.8,0.5,0.8,0.6,6.8
231,$0,Andrew Harrison,MEM,PG,74,20.0,2.5,6.2,41.0%,1.9,2.5,76.3%,0.9,2.0,2.8,0.6,0.3,1.1,7.9
232,$0,Collin Sexton,CLE,0,72,26.0,4.0,9.8,40.8%,2.4,3.2,74.9%,0.7,3.0,2.9,0.7,0.2,1.9,11.1
233,$0,Ed Davis,BRK,C,73,17.0,1.9,3.3,57.8%,1.0,1.5,66.8%,-,6.4,0.6,0.5,0.6,0.8,4.9
234,$0,Anthony Tolliver,MIN,PF,73,20.7,2.3,5.1,44.9%,1.1,1.4,75.8%,1.6,3.2,1.1,0.4,0.3,0.7,7.3
235,$0,Miles Bridges,CHO,0,72,20.0,3.0,7.2,41.4%,1.2,1.5,79.7%,0.9,3.9,1.7,0.5,0.4,1.1,7.9
236,$0,Ian Clark,NOP,SG,75,20.0,3.3,7.2,45.8%,0.6,0.8,78.1%,1.0,1.9,1.8,0.5,0.2,1.0,8.3
237,$0,Michael Beasley,LAL,PF,70,15.0,3.7,7.3,51.0%,1.1,1.5,76.3%,0.4,3.8,1.0,0.4,0.4,1.2,8.9
238,$0,Delon Wright,TOR,PG,68,15.0,2.1,4.6,45.7%,1.2,1.4,81.0%,0.6,2.1,2.2,0.8,0.3,0.9,6.0
239,$0,Tyus Jones,MIN,PG,75,15.0,1.6,3.6,44.3%,0.9,1.0,86.8%,0.5,1.4,2.8,0.8,0.1,0.7,4.6
240,$0,Austin Rivers,WAS,SG,66,24.0,3.8,8.8,42.9%,1.4,2.0,67.6%,1.5,1.9,2.5,0.7,0.2,1.2,10.5
241,$0,Mitchell Robinson,NYK,0,72,16.0,2.4,4.6,51.3%,1.1,1.7,68.2%,-,4.4,0.5,0.5,0.9,0.8,5.9
242,$0,Zach Randolph,SAC,PF,64,20.0,4.3,9.5,45.0%,1.2,1.5,76.9%,0.7,5.7,1.5,0.5,0.1,1.5,10.4
243,$0,Yogi Ferrell,SAC,SG,70,20.0,2.9,6.9,41.7%,0.9,1.2,81.8%,1.3,2.1,2.2,0.6,0.1,0.8,8.0
244,$0,Dion Waiters,MIA,SG,60,26.0,4.3,10.8,40.3%,1.3,1.9,70.9%,1.4,2.5,3.1,0.8,0.3,1.8,11.4
245,$0,Jon Leuer,DET,PF,70,18.0,3.1,6.1,50.0%,1.0,1.2,82.0%,0.5,4.2,1.1,0.4,0.3,0.7,7.7
246,$0,Doug McDermott,IND,SF,77,22.0,3.1,6.6,46.4%,0.9,1.1,82.1%,1.4,2.4,1.0,0.2,0.2,0.7,8.4
247,$0,Zaza Pachulia,DET,C,70,15.0,1.8,3.5,53.0%,1.0,1.3,80.4%,-,4.8,1.4,0.6,0.3,0.9,4.7
248,$0,Dragan Bender,PHO,PF,78,19.5,2.0,5.0,39.6%,0.5,0.6,74.0%,1.2,3.5,1.3,0.2,0.6,1.1,5.7
249,$0,J.J. Barea,DAL,PG,65,18.0,3.2,7.4,42.8%,0.8,1.0,79.0%,1.2,2.0,4.6,0.4,0.0,1.5,8.4
250,$0,Dwight Powell,DAL,C,70,15.0,2.3,4.2,55.3%,1.2,1.6,74.7%,0.2,3.8,0.8,0.6,0.4,0.5,6.0
251,$0,Lance Stephenson,LAL,SG,76,18.0,2.8,6.7,42.7%,0.9,1.3,67.4%,0.6,4.0,2.4,0.5,0.2,1.4,7.2
252,$0,Skal Labissiere,SAC,PF,65,18.0,3.2,7.0,46.2%,1.6,2.0,77.1%,0.2,4.4,1.0,0.4,0.6,1.1,8.2
253,$0,Dzanan Musa,BRK,0,72,15.0,2.5,5.3,46.0%,1.5,2.0,76.4%,0.5,2.5,1.1,0.6,0.4,1.0,6.9
254,$0,Zhaire Smith,PHI,0,72,18.0,2.5,5.3,47.1%,1.1,1.5,71.0%,0.2,2.9,1.1,0.6,0.4,0.8,6.3
255,$0,Garrett Temple,MEM,SG,65,20.0,2.1,5.1,41.8%,0.7,0.9,76.2%,1.0,2.1,1.7,0.8,0.3,0.9,6.0
256,$0,Kevin Knox,NYK,0,72,25.0,3.4,8.3,40.8%,1.5,2.1,74.6%,0.7,3.6,1.1,0.6,0.2,1.4,9.0
257,$0,DeAndre' Bembry,ATL,SF,70,20.0,2.4,5.2,45.6%,0.5,1.1,51.8%,0.3,3.3,1.8,0.7,0.5,1.4,5.7
258,$0,Gerald Green,HOU,SG,60,20.0,3.2,8.0,39.9%,1.0,1.2,82.0%,1.9,2.8,0.8,0.5,0.3,0.7,9.3
259,$0,Cheick Diallo,NOP,PF,62,14.0,2.7,4.7,56.9%,1.3,1.6,78.6%,-,5.2,0.5,0.3,0.5,0.8,6.7
260,$0,Luc Mbah a Moute,LAC,PF,71,18.0,1.9,3.8,49.3%,0.6,1.0,66.0%,0.8,2.1,0.5,0.8,0.3,0.6,5.2
261,$0,C.J. Miles,TOR,SF,69,15.0,2.2,5.5,39.7%,0.7,0.8,84.3%,1.9,1.7,0.5,0.4,0.2,0.4,6.9
262,$0,Malik Monk,CHO,SG,70,17.0,3.1,8.5,36.9%,0.7,0.9,83.3%,1.8,1.4,1.8,0.4,0.2,1.0,8.8
263,$0,Kenneth Faried,BRK,PF,61,15.0,2.7,5.0,55.1%,1.3,2.0,65.8%,-,5.6,0.7,0.5,0.5,0.7,6.8
264,$0,Willy Hernangomez,CHO,C,70,12.0,2.2,4.2,52.1%,1.4,1.9,71.0%,0.1,4.7,1.0,0.4,0.4,0.8,5.8
265,$0,Maxi Kleber,DAL,PF,70,15.0,1.7,3.7,47.2%,0.6,0.7,77.0%,0.8,2.8,0.6,0.3,0.5,0.4,4.8
266,$0,Omri Casspi,MEM,SF,60,18.0,2.4,4.7,51.3%,0.9,1.2,69.2%,0.6,3.7,1.0,0.5,0.3,0.8,6.3
267,$0,Patrick Patterson,OKC,PF,75,15.0,1.3,3.1,39.8%,0.4,0.4,83.5%,1.0,2.4,0.7,0.5,0.2,0.4,3.9
268,$0,Bismack Biyombo,CHO,C,78,15.0,1.7,3.2,52.2%,1.1,1.8,58.5%,-,4.7,0.6,0.2,0.8,0.8,4.4
269,$0,Jeff Green,WAS,PF,75,15.0,2.2,5.0,44.7%,1.4,1.6,84.6%,0.5,2.0,0.8,0.3,0.2,0.6,6.4
270,$0,Miles Plumlee,ATL,C,65,18.0,2.0,3.7,54.4%,0.6,1.0,53.8%,-,4.2,0.7,0.5,0.7,1.1,4.5
271,$0,Aron Baynes,BOS,C,70,15.0,2.1,4.3,48.7%,0.7,0.9,79.3%,0.0,4.2,0.8,0.2,0.5,0.7,4.9
272,$0,Jerome Robinson,LAC,0,70,18.0,2.7,6.3,43.1%,1.2,1.6,78.2%,0.7,1.8,1.6,0.4,0.1,1.1,7.4
273,$0,Cedi Osman,CLE,SF,60,18.0,2.6,5.3,48.8%,0.8,1.4,60.4%,0.8,3.2,1.3,0.6,0.1,1.0,6.9
274,$0,Elie Okobo,PHO,0,70,15.0,1.9,4.4,43.7%,0.8,1.0,76.1%,0.9,1.5,2.1,0.4,0.2,1.0,5.5
275,$0,Shaun Livingston,GSW,PG,71,15.0,2.0,3.9,51.7%,0.5,0.6,79.9%,0.0,1.7,1.8,0.5,0.3,0.7,4.6
276,$0,Salah Mejri,DAL,C,60,12.0,1.2,2.0,63.7%,0.5,0.9,59.2%,0.0,4.1,0.4,0.4,0.9,0.6,3.0
277,$0,Trey Burke,NYK,PG,60,15.0,3.3,7.1,46.4%,0.6,0.8,72.1%,0.8,1.2,2.9,0.4,0.1,0.8,8.0
278,$0,Alex Abrines,OKC,SG,72,15.0,1.7,4.3,39.6%,0.6,0.7,87.7%,1.3,1.5,0.5,0.5,0.1,0.4,5.3
279,$0,Brandon Knight,HOU,SG,60,15.0,2.8,6.8,41.1%,1.4,1.6,87.5%,0.8,1.6,2.1,0.5,0.1,1.2,7.8
280,$0,Ben McLemore,SAC,SG,62,18.0,2.6,6.3,41.5%,0.9,1.1,78.7%,1.0,2.2,0.9,0.6,0.2,1.0,7.0
281,$0,Juan Hernangomez,DEN,PF,60,15.0,1.9,4.0,46.3%,1.1,1.4,76.2%,0.8,3.2,0.5,0.6,0.2,0.6,5.6
282,$0,Shabazz Napier,BRK,PG,70,12.0,1.7,4.2,41.0%,0.9,1.1,82.0%,0.7,1.3,1.4,0.6,0.1,0.8,5.1
283,$0,Jarell Martin,ORL,PF,60,16.0,2.4,5.2,46.1%,1.2,1.5,77.7%,0.3,3.6,0.7,0.4,0.4,0.9,6.3
284,$0,Darius Miller,NOP,SF,78,15.0,1.5,3.4,43.8%,0.4,0.4,88.3%,1.3,1.1,0.8,0.2,0.1,0.4,4.7
285,$0,Henry Ellenson,DET,PF,70,15.0,2.5,6.8,37.3%,1.2,1.5,85.4%,1.0,3.8,1.0,0.3,0.1,0.8,7.3
286,$0,Ian Mahinmi,WAS,C,70,12.0,1.5,2.7,54.3%,0.8,1.2,66.0%,-,3.2,0.6,0.5,0.5,0.8,3.7
287,$0,Jonas Jerebko,GSW,PF,70,15.0,2.1,5.0,42.2%,0.5,0.7,77.1%,0.8,3.3,0.8,0.3,0.2,0.4,5.4
288,$0,Raymond Felton,OKC,PG,70,14.0,2.0,5.0,40.4%,0.5,0.6,79.8%,0.6,1.6,1.8,0.5,0.2,0.7,5.2
289,$0,Chandler Parsons,MEM,SF,50,20.0,2.8,6.5,43.2%,0.7,1.1,68.4%,1.3,2.7,1.8,0.5,0.2,0.8,7.7
290,$0,Milos Teodosic,LAC,PG,62,15.0,1.9,4.7,40.5%,0.6,0.7,85.8%,1.2,1.7,2.7,0.3,0.1,1.2,5.5
291,$0,Richaun Holmes,PHO,C,60,12.0,2.3,4.1,54.7%,0.7,1.0,67.8%,0.2,3.0,0.8,0.4,0.5,0.5,5.4
292,$0,Ivica Zubac,LAL,C,60,12.0,2.4,4.6,52.3%,1.0,1.3,74.4%,-,3.4,0.7,0.3,0.5,0.8,5.8
293,$0,Norman Powell,TOR,SG,70,12.0,2.0,4.5,43.9%,0.8,1.0,81.2%,0.6,1.6,0.9,0.5,0.2,0.7,5.4
294,$0,Emmanuel Mudiay,NYK,PG,62,15.0,2.0,5.0,39.8%,1.3,1.8,75.6%,0.6,1.8,2.5,0.5,0.2,1.3,5.9
295,$0,Quinn Cook,GSW,PG,72,12.0,2.0,4.1,48.4%,0.4,0.4,87.0%,0.8,1.3,1.5,0.2,0.0,0.5,5.1
296,$0,Chandler Hutchison,CHI,0,72,15.0,2.3,5.3,43.2%,1.0,1.5,68.0%,0.2,3.1,1.2,0.5,0.1,1.0,5.9
297,$0,Thabo Sefolosha,UTA,SF,60,12.0,1.4,2.9,47.3%,0.4,0.5,73.4%,0.4,2.1,0.6,0.7,0.2,0.4,3.6
298,$0,Nene Hilario,HOU,C,60,12.0,2.2,3.7,58.2%,1.1,1.7,62.0%,0.0,2.7,0.8,0.5,0.3,0.7,5.4
299,$0,Lance Thomas,NYK,PF,65,18.0,1.6,4.0,40.6%,0.8,1.0,86.0%,0.8,2.3,0.6,0.4,0.1,0.5,4.9
300,$0,Tony Parker,CHO,PG,60,17.0,2.6,5.8,45.0%,0.9,1.3,72.0%,0.3,1.3,2.9,0.4,0.0,1.0,6.4
301,$0,Anfernee Simons,POR,0,70,12.0,2.1,4.8,44.3%,0.8,1.1,73.4%,0.4,1.4,1.6,0.5,0.0,1.1,5.4
302,$0,Michael Carter-Williams,HOU,PG,58,12.0,1.5,3.8,38.2%,0.9,1.1,77.0%,0.2,2.1,1.9,0.6,0.3,0.9,4.0
303,$0,Derrick Rose,MIN,PG,57,15.0,3.0,6.8,44.3%,1.3,1.5,85.5%,0.2,1.7,2.0,0.3,0.1,1.1,7.5
304,$0,Boban Marjanovic,LAC,C,50,10.0,2.1,4.0,54.1%,2.0,2.5,76.9%,-,4.1,0.6,0.3,0.4,0.9,6.2
305,$0,Dorian Finney-Smith,DAL,PF,70,15.0,1.2,3.2,38.9%,0.4,0.6,72.5%,0.6,1.9,0.6,0.5,0.2,0.4,3.5
306,$0,Tyler Dorsey,ATL,SG,65,15.0,2.2,5.8,38.8%,0.9,1.2,73.3%,1.2,2.0,1.2,0.3,0.1,0.6,6.5
307,$0,Lonnie Walker,SAS,0,72,15.0,1.9,5.0,38.8%,0.7,1.0,72.3%,0.6,1.4,1.0,0.4,0.2,0.6,5.1
308,$0,Ron Baker,NYK,SG,66,12.0,1.0,2.6,39.0%,0.5,0.7,76.0%,0.4,1.3,1.5,0.5,0.2,0.7,3.0
309,$0,Timothe Luwawu-Cabarrot,OKC,SF,65,14.0,1.7,4.3,39.6%,1.1,1.3,84.5%,0.8,1.4,1.0,0.4,0.1,0.8,5.2
310,$0,Matthew Dellavedova,MIL,PG,67,12.0,1.2,3.1,39.8%,0.5,0.5,88.6%,0.7,1.1,2.1,0.4,0.0,0.8,3.6
311,$0,Justin Anderson,ATL,SF,60,12.0,1.7,4.0,42.4%,0.9,1.1,79.5%,0.6,2.3,0.6,0.4,0.2,0.5,4.9
312,$0,Daniel Hamilton,ATL,SG,50,10.0,1.7,3.8,45.5%,0.2,0.2,75.0%,0.7,1.8,2.9,0.4,0.1,0.7,4.3
313,$0,Greg Monroe,TOR,C,50,10.0,2.1,3.9,53.4%,0.9,1.2,75.3%,-,3.1,1.1,0.4,0.2,0.8,5.1
314,$0,Cameron Payne,CHI,PG,55,12.0,1.9,4.7,39.5%,0.2,0.3,72.1%,0.7,1.4,2.0,0.5,0.2,0.7,4.7
315,$0,De'Anthony Melton,PHO,0,60,12.0,1.4,3.5,40.2%,0.7,0.9,70.3%,0.2,1.8,1.4,0.6,0.3,0.7,3.7
316,$0,Grayson Allen,UTA,0,70,12.0,1.5,3.8,39.0%,0.6,0.8,79.5%,0.6,1.1,1.4,0.4,0.1,0.6,4.1
317,$0,Ante Zizic,CLE,C,50,10.0,2.4,3.9,60.0%,1.0,1.3,73.4%,-,2.9,0.2,0.1,0.6,0.5,5.7
318,$0,Justin Patton,MIN,0,60,12.0,1.9,3.4,55.1%,0.5,0.9,58.1%,0.1,2.3,0.5,0.4,0.4,0.7,4.4
319,$0,Omari Spellman,ATL,0,60,12.0,1.5,3.6,42.9%,0.5,0.8,69.3%,0.4,2.8,0.4,0.3,0.4,0.5,4.0
320,$0,Daniel Theis,BOS,C,50,10.0,1.3,2.5,53.9%,0.7,0.9,74.3%,0.2,3.0,0.6,0.3,0.5,0.6,3.6
321,$0,Wayne Selden,MEM,SG,60,12.0,1.9,4.6,42.1%,0.8,1.1,75.6%,0.9,1.0,1.1,0.3,0.1,0.8,5.6
322,$0,Tyson Chandler,PHO,C,60,12.0,1.1,1.8,63.0%,0.6,1.0,62.7%,-,4.1,0.4,0.2,0.3,0.7,2.9
323,$0,Terrance Ferguson,OKC,SG,60,13.0,1.4,3.3,42.2%,0.2,0.2,89.1%,0.8,0.9,0.3,0.5,0.2,0.2,3.8
324,$0,Kevin Huerter,ATL,0,60,12.0,1.6,3.6,44.1%,0.6,0.9,73.6%,0.5,1.7,1.2,0.3,0.2,0.8,4.3
325,$0,Langston Galloway,DET,SG,60,12.0,1.7,4.3,38.2%,0.4,0.6,78.4%,0.9,1.4,1.0,0.4,0.1,0.3,4.6
326,$0,Ivan Rabb,MEM,PF,50,10.0,1.8,3.3,55.4%,0.6,0.7,84.4%,-,3.0,0.7,0.3,0.2,0.7,4.3
327,$0,Harry Giles,SAC,0,60,12.0,1.6,3.3,48.6%,0.5,0.9,56.9%,0.0,3.2,0.4,0.3,0.4,0.6,3.7
328,$0,Channing Frye,CLE,C,50,10.0,1.5,3.2,46.2%,0.4,0.5,87.9%,0.9,1.8,0.4,0.3,0.2,0.3,4.3
329,$0,Jason Smith,WAS,C,50,10.0,1.7,3.4,51.4%,0.4,0.6,71.1%,0.3,2.2,0.4,0.2,0.5,0.5,4.2
330,$0,Bryn Forbes,SAS,SG,75,12.0,1.8,4.2,42.2%,0.5,0.7,68.4%,0.8,0.9,0.7,0.2,0.0,0.3,4.8
331,$0,Amir Johnson,PHI,C,50,10.0,1.2,2.3,53.8%,0.4,0.6,63.6%,0.1,2.6,0.9,0.3,0.4,0.5,2.9
332,$0,MarShon Brooks,MEM,SG,50,10.0,1.8,3.9,46.0%,0.9,1.1,78.0%,0.2,1.1,0.9,0.5,0.2,0.8,4.7
333,$0,Robert Williams,BOS,0,50,10.0,1.5,2.8,51.9%,0.4,0.8,55.2%,0.0,2.9,0.5,0.3,0.6,0.6,3.4
334,$0,Jevon Carter,MEM,0,50,10.0,1.3,3.4,39.3%,0.6,0.8,80.2%,0.4,1.2,1.7,0.5,0.1,0.6,3.6
335,$0,Wesley Johnson,LAC,SF,50,10.0,1.0,2.5,39.7%,0.2,0.4,68.6%,0.5,1.7,0.4,0.5,0.4,0.3,2.7
336,$0,Tomas Satoransky,WAS,SG,50,10.0,1.2,2.3,49.7%,0.4,0.6,75.9%,0.3,1.4,1.7,0.3,0.1,0.5,3.1
337,$0,Wesley Iwundu,ORL,SF,60,12.0,1.3,2.9,43.6%,0.5,0.6,77.8%,0.1,1.5,0.7,0.4,0.2,0.4,3.1
338,$0,Kosta Koufos,SAC,C,50,10.0,1.4,2.6,55.4%,0.3,0.5,55.1%,-,3.1,0.5,0.3,0.3,0.4,3.1
339,$0,Jalen Brunson,DAL,0,60,10.0,1.5,3.3,45.6%,0.6,0.8,77.0%,0.4,0.9,1.3,0.3,0.0,0.5,4.0
340,$0,Aaron Holiday,IND,0,50,12.0,1.6,3.6,43.0%,0.7,0.9,75.9%,0.4,1.2,1.7,0.4,0.1,0.8,4.2
341,$0,Jahlil Okafor,NOP,C,50,10.0,2.2,4.5,49.9%,0.8,1.1,69.2%,0.0,2.3,0.5,0.2,0.4,0.8,5.3
342,$0,Justin Jackson,SAC,SF,60,12.0,1.6,3.5,44.3%,0.2,0.3,74.8%,0.5,1.5,0.6,0.2,0.1,0.3,3.9
343,$0,Tyler Zeller,MIL,C,50,10.0,1.6,3.0,55.0%,0.5,0.8,67.7%,0.1,2.6,0.5,0.2,0.3,0.4,3.9
344,$0,Melvin Frazier,ORL,0,50,10.0,1.4,3.0,47.3%,0.5,0.8,70.7%,0.2,1.4,0.8,0.4,0.2,0.6,3.6
345,$0,Alec Burks,UTA,SG,50,10.0,1.7,4.0,41.5%,1.1,1.4,81.0%,0.5,1.7,0.7,0.3,0.1,0.6,4.9
346,$0,Shelvin Mack,MEM,PG,50,10.0,1.3,3.0,44.1%,0.5,0.7,71.6%,0.4,1.2,1.8,0.4,0.0,0.7,3.5
347,$0,Jodie Meeks,WAS,SG,50,10.0,1.3,3.2,40.4%,0.8,0.9,87.1%,0.7,1.1,0.6,0.3,0.0,0.3,4.1
348,$0,Mike Scott,LAC,PF,50,10.0,1.7,3.3,50.7%,0.3,0.5,68.9%,0.5,1.8,0.6,0.2,0.1,0.5,4.2
349,$0,Rodney McGruder,MIA,SG,60,12.0,1.2,2.8,41.4%,0.2,0.4,61.2%,0.5,1.5,0.8,0.3,0.1,0.3,3.1
350,$0,Jared Dudley,BRK,PF,50,10.0,1.0,2.3,43.5%,0.4,0.5,73.9%,0.5,1.5,1.0,0.3,0.1,0.4,2.9
351,$0,Guerschon Yabusele,BOS,PF,50,10.0,1.1,2.5,44.0%,0.7,0.9,70.4%,0.5,2.3,0.8,0.2,0.2,0.6,3.4
352,$0,Frank Mason,SAC,PG,50,10.0,1.5,3.8,38.2%,0.9,1.1,81.1%,0.4,1.3,1.5,0.3,0.1,0.6,4.2
353,$0,Sam Dekker,CLE,PF,50,10.0,1.5,3.1,48.7%,0.4,0.6,61.8%,0.4,1.9,0.5,0.3,0.1,0.4,3.7
354,$0,Tyler Lydon,DEN,0,50,10.0,1.2,3.0,41.9%,0.5,0.7,78.7%,0.2,2.1,0.6,0.3,0.3,0.5,3.3
355,$0,Cristiano Felicio,CHI,C,50,10.0,1.3,2.4,55.6%,0.6,0.9,67.3%,-,2.7,0.6,0.2,0.2,0.4,3.3
356,$0,Damyean Dotson,NYK,SG,50,10.0,1.5,3.4,45.0%,0.4,0.5,72.8%,0.5,1.7,0.7,0.3,0.0,0.4,4.0
357,$0,Caleb Swanigan,POR,PF,50,10.0,1.4,3.2,43.2%,0.7,1.0,68.3%,0.1,2.9,0.9,0.3,0.2,0.8,3.5
358,$0,Meyers Leonard,POR,C,50,10.0,1.2,2.9,40.4%,0.3,0.3,83.4%,0.8,2.0,0.7,0.1,0.2,0.4,3.4
359,$0,David Nwaba,CLE,SG,50,10.0,1.3,2.7,48.6%,0.8,1.2,67.2%,0.1,1.9,0.6,0.3,0.2,0.5,3.5
360,$0,Jose Calderon,DET,PG,50,10.0,1.0,2.1,45.7%,0.2,0.2,81.1%,0.4,1.1,1.4,0.3,0.0,0.5,2.5
361,$0,Donte DiVincenzo,MIL,0,50,10.0,1.3,3.1,42.2%,0.5,0.7,70.5%,0.4,1.4,1.1,0.3,0.1,0.6,3.6
362,$0,Troy Daniels,PHO,SG,50,10.0,1.5,3.7,39.8%,0.4,0.4,84.0%,1.2,0.8,0.4,0.2,0.0,0.4,4.6
363,$0,Patrick McCaw,GSW,SG,50,10.0,1.1,2.6,42.6%,0.3,0.4,81.2%,0.3,0.9,0.9,0.4,0.1,0.5,2.9
364,$0,Wade Baldwin,POR,PG,50,8.0,1.1,2.8,38.0%,0.6,0.8,83.8%,0.1,0.9,1.3,0.4,0.1,0.8,2.9
365,$0,Troy Brown,WAS,0,50,10.0,1.3,3.1,40.6%,0.5,0.7,72.6%,0.2,1.7,1.0,0.4,0.1,0.6,3.3
366,$0,Nik Stauskas,POR,SG,50,10.0,1.1,2.7,41.2%,0.6,0.7,77.1%,0.6,1.0,0.9,0.2,0.1,0.5,3.4
367,$0,Deyonta Davis,SAC,C,41,8.0,1.5,2.6,58.5%,0.4,0.5,72.5%,-,2.2,0.4,0.2,0.3,0.3,3.5
368,$0,Torrey Craig,DEN,SF,50,10.0,1.0,2.3,45.0%,0.3,0.5,63.1%,0.3,1.9,0.4,0.2,0.3,0.3,2.7
369,$0,T.J. Leaf,IND,PF,50,10.0,1.5,3.2,47.8%,0.3,0.5,65.5%,0.5,1.8,0.2,0.1,0.1,0.2,4.0
370,$0,Monte Morris,DEN,PG,41,8.0,1.3,2.9,47.0%,0.5,0.6,80.0%,-,0.6,1.6,0.5,-,0.3,3.2
371,$0,Luke Kornet,NYK,PF,41,8.0,1.2,2.9,40.9%,0.2,0.3,73.6%,0.7,1.5,0.7,0.1,0.4,0.3,3.2
372,$0,Raymond Spalding,DAL,0,41,8.0,1.2,2.5,46.6%,0.4,0.6,66.0%,0.0,2.0,0.4,0.3,0.3,0.4,2.8
373,$0,Raul Neto,UTA,PG,41,8.0,1.1,2.3,46.8%,0.3,0.4,78.0%,0.3,0.8,1.1,0.3,0.1,0.5,2.8
374,$0,Keita Bates-Diop,MIN,0,41,8.0,1.3,2.9,42.8%,0.5,0.6,75.9%,0.3,1.8,0.4,0.2,0.3,0.4,3.3
375,$0,Damion Lee,GSW,SG,41,8.0,1.2,3.0,41.6%,0.5,0.6,77.5%,0.3,1.4,0.6,0.4,0.0,0.3,3.2
376,$0,Dwayne Bacon,CHO,SG,50,10.0,1.1,2.9,38.8%,0.3,0.4,84.0%,0.2,1.7,0.6,0.3,0.0,0.4,2.7
377,$0,Alex Poythress,ATL,PF,50,10.0,1.5,3.2,46.5%,0.3,0.7,42.6%,0.4,1.7,0.3,0.2,0.1,0.2,3.8
378,$0,Jacob Evans,GSW,0,41,8.0,1.1,2.7,39.6%,0.4,0.6,73.4%,0.3,1.2,0.8,0.3,0.2,0.4,2.9
379,$0,Isaiah Canaan,PHO,PG,41,8.0,0.9,2.5,36.8%,0.6,0.7,88.2%,0.5,0.7,0.7,0.3,0.0,0.4,2.9
380,$0,Josh Okogie,MIN,0,41,8.0,1.1,2.8,38.9%,0.6,0.8,77.7%,0.2,1.2,0.5,0.3,0.2,0.5,3.0
381,$0,Damian Jones,GSW,C,50,10.0,1.1,2.2,50.0%,0.3,0.7,48.3%,-,2.0,0.1,0.1,0.4,0.6,2.6
382,$0,Jerryd Bayless,PHI,SG,41,8.0,0.9,2.2,42.6%,0.3,0.4,79.4%,0.5,0.8,0.6,0.3,0.1,0.4,2.7
383,$0,Jarred Vanderbilt,DEN,0,41,8.0,1.0,2.6,39.5%,0.5,0.7,65.5%,0.0,3.0,0.5,0.2,0.2,0.4,2.5
384,$0,Malik Beasley,DEN,SG,41,8.0,1.0,2.3,42.9%,0.3,0.5,69.8%,0.5,1.0,0.4,0.2,0.1,0.3,2.8
385,$0,Gary Trent Jr.,POR,0,41,8.0,1.0,2.5,38.8%,0.4,0.5,81.2%,0.4,0.9,0.3,0.2,0.0,0.3,2.8
386,$0,Tony Bradley,UTA,C,41,8.0,1.0,2.8,35.0%,0.4,0.6,80.0%,-,2.6,0.3,0.2,0.2,0.2,2.4
387,$0,Jake Layman,POR,SF,41,8.0,0.9,3.0,30.7%,0.3,0.4,74.9%,0.4,0.7,0.5,0.3,0.1,0.3,2.5
388,$0,Semi Ojeleye,BOS,PF,50,10.0,0.7,1.9,35.2%,0.2,0.4,62.5%,0.4,1.4,0.2,0.2,0.0,0.2,2.0
389,$0,Michael Porter Jr.,DEN,0,20,12.0,1.8,4.6,39.2%,0.9,1.2,75.5%,0.3,2.6,0.5,0.4,0.1,0.7,4.8
390,$0,Ike Anigbogu,IND,C,20,6.0,0.8,1.8,44.4%,1.0,1.2,83.3%,-,1.8,0.2,0.2,0.5,0.4,2.6
391,$0,P.J. Dozier,BOS,0,41,6.0,0.9,2.3,37.7%,0.3,0.5,63.2%,0.1,0.9,0.5,0.3,0.1,0.4,2.2
392,$0,Ekpe Udoh,UTA,C,20,6.0,0.5,1.0,50.8%,0.3,0.4,74.6%,-,1.1,0.4,0.3,0.5,0.1,1.3
393,$0,Rodions Kurucs,BRK,0,20,6.0,0.9,2.1,42.3%,0.4,0.5,79.3%,0.3,0.8,0.5,0.4,0.2,0.4,2.5
394,$0,Shaquille Harrison,PHO,PG,20,6.0,0.9,1.9,47.9%,0.4,0.6,75.2%,0.1,0.9,0.9,0.4,0.1,0.3,2.3
395,$0,Alexis Ajinca,NOP,C,20,6.0,1.0,2.1,51.1%,0.3,0.4,76.9%,-,1.9,0.2,0.2,0.3,0.4,2.4
396,$0,Zhou Qi,HOU,C,20,6.0,0.5,1.2,40.0%,0.4,0.6,66.4%,0.2,1.2,0.1,0.1,0.7,0.5,1.6
397,$0,Briante Weber,MIA,PG,20,6.0,0.6,1.4,44.0%,0.3,0.3,76.7%,0.1,0.8,0.6,0.4,0.1,0.3,1.6
398,$0,Timofey Mozgov,ORL,C,20,6.0,1.0,1.8,55.3%,0.4,0.5,78.0%,0.0,1.6,0.2,0.1,0.2,0.4,2.3
399,$0,Derrick White,SAS,PG,20,6.0,0.8,1.5,51.5%,0.6,0.8,73.2%,0.3,1.1,0.4,0.2,0.1,0.3,2.4
400,$0,Khem Birch,ORL,C,20,6.0,0.7,1.3,55.4%,0.4,0.6,69.2%,-,1.8,0.4,0.2,0.2,0.2,1.8